#QP, our, opt, ari, pro, moz, pjg
50,25.4401455,13.54609,29.57203,22.48861,21.11046,132.8,
60,28.39558525,14.11046,32.59763,23.77791,22.38215,147.7,
70,32.8787365,15.0224,37.2797,25.04793,23.78522,168.7,
80,40.05454425,16.39413,44.8316,27.20257,27.88,205.9,
85,46.13754775,17.58713,51.37561,28.93375,30.55028,239.5,
90,55.770433,19.41204,62.77096,32.11951,34.92567,294.4,
95,76.0263605,23.43148,87.79018,38.83255,42.91122,415.5,
