#QP, our, opt, ari, pro, moz, pjg
50,32.1878654,20.75441,29.8622,83.50624,172.4,124.9,
60,36.2513726,21.5076,32.67843,85.97616,184.5,138.3,
70,42.3115902,22.74245,36.76002,88.57343,198.0,158.4,
80,51.857779,24.15099,43.81536,93.63585,225.1,193.6,
85,59.3282222,26.29655,50.02694,97.47414,239.9,223.2,
90,71.1986268,28.58137,59.97451,104.27198,265.8,274.0,
95,94.8150552,33.72994,81.82349,118.65999,314.9,382.9,
